name,price
"Nôi Võng tự động cho bé 2 trong 1 VINANOI - NV80X khung võng xếp người lớn, lòng nôi màu xanh",1.378.997đ
Nôi Điện Bằng Gỗ 4 Chức Năng: Giường - Nôi - Củi - Võng,1.770.000đ
Nôi mây cho bé nằm võng kèm chiếu ( Tặng 01 lục lạc gỗ phát tiếng vui nhộn cho bé ),202.000đ
Nôi điện Đại Vĩ cho bé loại có điện 2 in 1,779.000đ
"Nôi Rung Điện Tự Động Cho Bé - KUB - Model Mới 2019, Màn Hình Cảm Ứng LED, Phát Nhạc Qua Điện Thoại Bằng Bluetooth, Điều Khiển Từ Xa",1.779.000đ
Ghế rung cao cấp cho bé gập gọn có nhạc Mastela 6915 - Màu xanh,715.000đ
Hộp máy nôi sắt tự động Autoru v894,340.000đ
Nôi điện tự động cao cấp cho bé - Hồng,1.450.000đ
Nôi Nhún Cho Bé Tặng Kèm Mùng Che,475.000đ
"Combo Nôi Tre Cho Bé Nằm Võng Chống Cong Lưng Và Nệm Lót Bọc Nôi ( Cho Trẻ Sơ Sinh Từ 0-12 Tháng Tuổi, Có Thể Đặt Lên Võng Xếp)",330.000đ
COMBO NÔI TRE TẤM LÓT CHO BÉ,265.000đ
"Nôi điện em bé: Nôi, Võng, cũi 3 chức năng đầy đủ phụ kiện cho trẻ",2.025.000đ
"Nôi cũi gỗ, nôi lắc lư cho bé ( Tặng kèm đệm và mùng)",700.000đ
Nôi mây đan thoáng mát giúp chống cong lưng cho bé khi nằm võng,185.000đ
Nôi ngủ chung giường cao cấp cho bé có phát nhạc,349.000đ
Nôi Di Động Cho Bé Ange01 KUB - Có Bánh Xe Di Chuyển,3.149.000đ
 Nôi Mây Tự Động Cho Bé Vinanoi VNN-M01,1.500.000đ
Nôi Nhún Kèm Vải Mùng Trùm Nôi Cho Bé ,750.000đ
Nôi Điện Tự Động Size Đại Cho Bé 3 Chức Năng - Giường -Nôi - Võng - Cũi,1.900.000đ
"Nôi Rung Điện Tự Động Cho Bé - KUB - Model Mới 2019, Màn Hình Cảm Ứng LED, Phát Nhạc Qua Điện Thoại Bằng Bluetooth, Điều Khiển Từ Xa - Màu Xanh",1.799.000đ
Ghế rung đa năng Fisher Price màu xanh,479.000đ
NÔI TRE CHỮ NHẬT + TẤM LÓT  CHO BÉ,200.000đ
Nôi điện Đại Vĩ cho bé loại có điện 2 in 1,779.000đ
NÔI TRE CHO BÉ,245.000đ
Ghế Rung Trẻ Em Joie Dreamer Petite City,1.780.000đ
NÔI TRE CHO  BÉ - HÌNH CHỮ NHẬT,200.000đ
Ghế rung trẻ em có phát nhạc thanh treo đồ chơi,489.000đ
Nôi điện 2 in 1 ,759.000đ
Nôi võng điện Sbaby NV14,1.550.000đ
Nôi mây cho bé nằm võng - Tặng 01 chiếu lót nôi,189.000đ
Nôi đại vỹ ko có điện giao màu ngẫu nhiên,779.000đ
Nôi gỗ cho bé,719.000đ
Nôi nhún cho bé có bánh xe kèm mùng che ( Tặng 01 lục lạc gỗ phát tiếng vui nhộn cho bé ),515.000đ
Nôi rung trẻ em Ingenuity rung và đung đưa tự động thương hiệu Mỹ (xám),2.999.000đ
Bộ đổi điện AC-DC cho nôi - võng Autoru V827,195.000đ
"Nôi Đưa Tự Động, Nôi Em Bé, Ghế Nằm Size Vừa - Màu Be",999.000đ
Ghế rung có nhạc và thanh đồ chơi vận động (Màu hồng),799.000đ
Hộp máy nôi gỗ tự động Autoru v899,340.000đ
"Nôi Đưa Tự Động, Nôi Em Bé, Ghế Nằm Có Màn Và Gối Chống Gù Size Lớn ",1.284.000đ
Nôi điện Sbaby ND16,1.090.000đ
COMBO NÔI TRE NỆM COTTON CHO BÉ,390.000đ
Nôi điện tự động cho bé VINANOI VNN201 - Gỗ thông màu tự nhiên,2.949.000đ
Xe Đẩy Cho Bé Zaracos Nano RS,3.509.996đ
NÔI võng điện Sbaby  3 in 1 - NV14 (sức đưa từ 3 đến 80 kg ),1.500.000đ
Thảm Trải Sàn Cho Bé Tập Bò Tập Đi Nằm Chơi Cao Cấp,690.000đ
Ghế xích đu nhúm đa năng cho bé vui chơi màu trắng yếm đỏ,699.000đ
Ghế rung cao cấp cho bé,2.099.000đ
Nôi Rung Kiêm Ghế Bập Bênh 5 Trong 1 Mastela 6033 - Ghi Hồng,1.398.000đ
NÔI ĐƯA TỰ ĐỘNG AUTORU-Eco 18 - AUE-AC18,1.090.000đ
Nôi điện tự động cao cấp cho bé tặng kèm đèn ngủ đáng yêu,1.749.000đ
COMBO Nôi mây tre có chiếu cho bé nằm võng + 1 gối cao su non - TẶNG 1 BẤM MÓNG TAY,220.000đ
Ghế bập bênh 4in1 kiêm xe đẩy 2 chiều có nhạc và rung mát xa cho bé TẶNG mùng và đồ chơi kèm theo (hồng),1.149.000đ
Nôi tự động cao cấp cho bé SG239,1.989.000đ
Nôi rung trẻ em Ingenuity rung và đung đưa tự động thương hiệu Mỹ,2.990.001đ
Nôi điện loại có điện 2 in 1,850.000đ
COMBO NÔI TRE CHIẾU CÓI CHO BÉ,280.000đ
NÔI NGỦ CHUNG GIƯỜNG CHO BÉ CAO CẤP ,800.000đ
Ghế Rung Trẻ Em Joie Dreamer Starry Night,1.791.000đ
Giường nôi xếp gọn du lịch cho bé vải lưới thoáng khí C3-ST3940,1.899.000đ
VÕNG - NÔI TỰ ĐỘNG CAO CẤP 4 TRONG 1 AUTORU AUCH4-27,2.199.000đ
Nôi tự động Vinanoi N20 khung thép sơn tĩnh điện sức đưa 20kg,890.000đ
COMBO NÔI VÀ NỆM COTTON CHO BÉ,410.000đ
"Ghế Rung, Bập Bênh Nằm Chơi Trẻ Em 2 Vị Trí Ngả Có Nhạc Mastela 6904 - xanh họa tiết",989.000đ
Nôi đưa tự động cho bé có nhạc C3-ST3882,1.758.000đ
Nôi Đưa Trẻ Em Joie Serina 2in1 Petite City,3.879.000đ
NÔI ĐƯA TỰ ĐỘNG AUTORU-Eco 22 - AUE-AC22,1.390.000đ
"Nôi rung, ghế rung cao cấp cho bé, có nhạc, có đồ chơi, có màn, có điều khiển từ xa, có bluetooth",2.190.000đ
Nôi điện tự động cho bé VINANOI VNN201T - Gỗ thông màu trắng,2.879.000đ
Nôi điện Khánh Ngọc loại có điện 2 in 1,799.999đ
Xích Đu Nhún Nhảy KG101 - Khung Trắng,699.000đ
Nôi Võng tự động cho bé 2 trong 1 VINANOI - NV20,989.000đ
Nôi cũi gỗ cho trẻ sơ sinh bền đẹp,900.000đ
Hộp máy nôi sắt tự động Autoru kèm adaptor V894V827,520.000đ
Nôi Võng tự động cho bé 2 trong 1 VINANOI - NV35X lồng nôi màu xanh,1.427.000đ
Nôi trẻ em kích thước 90*50*50 cm,749.000đ
Nôi Em Bé Tự Động VINANOI-VNN301 Gỗ Thông Cao Cấp Vừa Làm Nôi Vừa Làm Võng Màu Tự Nhiên,3.589.000đ
"Nôi đưa đa năng cao cấp kết nối Bluetooth, có điều khiển từ xa ru ngủ thư giãn kết hợp ghế ngồi đọc sách cho bé Mastela 8105 - Mẫu Voi tai Hồng",1.599.000đ
"Nôi đưa tự động , nôi em bé , ghế nằm cho bé cao cấp",1.699.000đ
Ghế rung cao cấp cho bé gập gọn có nhạc Mastela 6917 - Màu hồng,799.000đ
Nôi Nhún Cỡ Đại Tiện Lợi Cho Bé (Giao mẫu ngẫu nhiên),945.000đ
Nôi cho bé nằm chơi và ngủ,1.410.000đ
Nôi Rung Kiêm Ghế Bập Bênh 5 Trong 1 Mastela 6033 - Ghi Xanh,1.449.000đ
Nôi điện đưa tự động Mastela - Tặng Thước Đo Chiều Cao Và Mũ Tắm,1.900.000đ
"Nôi cho bé , nôi lắc lư cho bé",749.000đ
Nôi lắc lư cho bé TẶNG MÀN (MÙNG),719.000đ
Nôi điện Sbaby ND16 (sức đưa 40 kg),990.000đ
Nôi Ngủ Chung Giường Summer Infant SM91310,1.693.000đ
Nôi Autoru-Eco 18,1.045.000đ
Nôi võng điện Sbaby NV15 ( sức đưa 40 kg ),1.290.000đ
Nôi Đưa Trẻ Em Joie Sansa In The Rain,5.300.000đ
Nôi mây chõng mây cho bé,699.000đ
Xích Đu Nằm Chơi Trẻ Em Mastela 6519 - Hồng,999.000đ
Nôi Gỗ Lắc Bập Bênh - Size 91 x 77 x 64 ( cm ) - Gỗ Tự Nhiên - Không Sơn An Toàn Cho Trẻ,829.700đ
"Nôi Đưa Tự Động, Xích đu nằm chơi trẻ em Mastela 6504 Tặng Thước Đo Chiều Cao Và Thị Lực",1.689.000đ
Nôi gỗ cho bé tặng kèm đèn ngủ đáng yêu ,799.000đ
Nôi điện cao cấp cho bé ,1.699.000đ
"NÔI CŨI GỖ, GIƯỜNG CŨI CHO BÉ S218  ",1.749.000đ
Nôi Rung Kiêm Ghế Bập Bênh 5 Trong 1 Mastela 6033 - Xanh họa tiết,1.389.000đ
Nôi Đưa Trẻ Em Joie Serina Swivel Hip Hop,3.509.000đ
"Nôi rung thế hệ mới kết nối bluetooth & USB, phát nhạc tự chọn",1.999.000đ
Nôi 2 Tầng 3 Sao Autoru,2.060.000đ
Nôi Đưa Trẻ Em Joie Serina 2in1 In The Rain,4.229.000đ
XE NHÚN ĂN BỘT CÓ VÁCH AUTORU AUBFC04,1.150.000đ
Nôi rung đưa em bé ngủ ,2.799.000đ
"Nôi Đưa Tự Động, Xích đu nằm chơi trẻ em Mastela 6503 Tặng Thước Đo Chiều Cao Và Thị Lực",1.569.000đ
Nôi Mastela SG327 Tặng Chăn Lông Thái Lan 75*100 cm,2.499.000đ
NÔI GỖ ĐA NĂNG AUTORU AUWCH4,4.900.000đ
Nôi rung kiêm ghế bập bênh 5 trong 1 Mastela 6037 (Xanh Pastel),1.579.000đ
Nôi tự động thiết kế thông minh cho bé màu Hồng,2.390.000đ
Nôi điện tự động cao cấp cho bé Vinanoi N35,1.450.000đ
Xe đẩy 3 bánh/5 bánh gấp gọn + giỏ đồ (bánh xe phát sáng + bảo hiểm + tay cầm điều chỉnh),390.000đ
"COMBO NÔI TRE , NỆM COTTON CHO BÉ ",390.000đ
Nôi rung bé tự động có nhạc và ánh sáng,2.799.000đ
NÔI 2 TẦNG 3 SAO AUTORU AUAC3S,1.890.000đ
Ghế bập bênh 4in1 kiêm xe đẩy 2 chiều có nhạc và rung mát xa cho bé TẶNG mùng và đồ chơi kèm theo (xanh),1.149.000đ
Nôi Vải Cho Bé (Giao Hình Ngẫu Nhiên),999.000đ
Nôi Di Động,3.051.000đ
Nôi Đưa Trẻ Em Joie Serina 2in1 Flowers Forever,3.879.000đ
Giường Sợi Tre LOL Baby Bumper Pink Forest,8.400.000đ
Nôi Võng Tự Động Cao Cấp VINANOI VNN-301M (Gỗ Thông New Zealand) - Màu Cánh Gián,3.785.000đ
Nôi Ru Ngủ Cao Cấp Tự Động Có Nhạc Điều Kiển Từ Xa Mastela SG327 (Hồng),2.099.000đ
"Nôi tự động cao cấp Mastela điều khiển từ xa, có nhạc SG237 (BLUE)",2.289.000đ
Xích đu trẻ em nằm chơi Mastela 6503,1.199.000đ
Nôi Ru Ngủ Cao Cấp Điều Kiển Từ Xa Mastela SG327 (Màu Hồng),2.588.000đ
"NÔI CŨI GỖ, GIƯỜNG CŨI CHO BÉ ",1.750.000đ
Nôi võng điện Sbaby NV15,1.290.000đ
Nôi Ghế Rung Bập Bênh Nhiều Chức Năng Mastela,1.579.000đ
Nôi Em Bé Tự Động VINANOI-VNN301T Gỗ Thông Cao Cấp Vừa Làm Nôi Vừa Làm Võng Màu Trắng,3.890.000đ
Nôi trẻ em,2.100.000đ
Nôi em bé tự động khung thép VINANOI - N25,1.200.000đ
Nôi Võng tự động cho bé 2 trong 1 VINANOI - NV25,1.289.000đ
"Nôi điện . nôi điện tự động lắc lư có điều khiển từ xa , Phát Nhạc Qua Điện Thoại Bằng Bluetooth",1.629.371đ
Nôi Gỗ Đa Năng,4.900.000đ
Giường cũi trẻ em hình con voi,2.890.000đ
Combo Nôi võng tự động Vinanoi NV20 khung thép sức đưa 20kg và Địu em bé,1.250.000đ
Nôi Em Bé Tự Động VINANOI-VNN301M Gỗ Thông Cao Cấp Vừa Làm Nôi Vừa Làm Võng Màu Cánh Gián,4.250.000đ
Giường Sợi Tre LOL Baby Bumper Big Star,10.400.000đ
Nôi Đưa Trẻ Em Joie Serina 2In1 Abstract Arrows,4.229.000đ
Nôi rung kiêm ghế bập bênh 5 trong 1 Mastela 6037,1.299.000đ
Nôi rung Kiêm Ghế Mastela Tặng Màn và Thước Đo Chiều Cao,1.320.000đ
Ghế rung điện nhiều chức năng,2.149.000đ
Nôi rung kiêm ghế bập bênh 5 trong 1 Mastela 6038,1.550.000đ
"Ghế Rung, Bập Bênh Nằm Chơi Trẻ Em 2 Vị Trí Ngả Có Nhạc Mastela 6903 - hồng họa tiết",879.000đ
Ghế rung cao cấp Joie Dreamer (Anh) ,1.850.000đ
Ghế rung điều chỉnh độ cao Up & Down Béaba,5.990.000đ
Nôi Ru Ngủ Cao Cấp Tự Động Có Nhạc Điều Kiển Từ Xa Mastela SG327 (Xanh),2.149.000đ
Nôi Đưa Trẻ Em Joie Serina Swivel Nature's Alphabet,3.219.000đ
Xích đu nằm chơi trẻ em Mastela 6504,1.299.000đ
Nôi võng tự động cho bé 2 trong 1 VINANOI - NV35 sức đưa 35kg,1.550.000đ
Giường Sợi Tre LOL Baby Bumper Rainy Cloud,8.400.000đ
Ghế nôi đa năng Combi BEDi kèm màn chụp Magic,13.490.000đ
Nôi tự động thiết kế thông minh cho bé màu Xanh,2.390.000đ
Xích Đu Nằm Chơi Trẻ Em Mastela 6579 - Xanh,1.399.000đ
Nôi Võng Tự Động Cao Cấp VINANOI VNN-301 (Gỗ Thông New Zealand) - Màu Tự Nhiên,3.599.999đ
Ghế nôi đa năng vui nhộn Joy Combi,8.590.000đ
Nôi Nhún Có Mái Che Cỡ Đại,550.000đ
"Nôi tự động cao cấp Mastela điều khiển từ xa, có nhạc SG237 (Pink)",2.358.000đ
Nôi Động Spring 1 CBSPRDM1 IBIE,2.490.000đ
"COMBO Ghế Rung, Nôi Nhún Ăn Bột Bập Bênh Kèm Mùng + Muỗng Ăn Dặm Cho Bé - Tặng 1 MŨ CUTE",510.000đ
Ghế nôi đa năng Rishena màu xanh,12.300.000đ
Xích Đu Nằm Chơi Trẻ Em Mastela 6558 - Trắng Ghi,1.789.000đ
Nôi Ngủ Du Lịch KuKu KU6040,4.350.000đ
Nôi Động Spring 2 CBSPRDM2 IBIE,2.490.000đ
Ghế nôi di động Chicco Baby Hug 4 in 1 Air Stone,9.490.000đ
"Ghế Rung, Bập Bênh Nằm Chơi Trẻ Em 2 Vị Trí Ngả Có Nhạc Mastela 6910",887.000đ
Ghế Nôi Đa Năng Dreamy Combi - Xanh Bạc Hà,8.990.000đ
NÔI VẢI CHO BÉ CHẤT COTTON 100%,550.000đ
