product_id,product_url,name,price,shop_id,shop_url,shop_name,product_id2
1008786,https://tiki.vn/noi-vong-tu-dong-cho-be-2-trong-1-vinanoi-nv80x-khung-vong-xep-nguoi-lon-long-noi-mau-xanh-p1008786.html?spid=23310171,"Nôi Võng tự động cho bé 2 trong 1 VINANOI - NV80X khung võng xếp người lớn, lòng nôi màu xanh",1.378.997đ,10870,https://tiki.vn/cua-hang/me-be-soc-nau,Mẹ bé Sóc Nâu,23310171
16439915,https://tiki.vn/noi-dien-2-in-1-p16439915.html?spid=55617018,Nôi điện 2 in 1 ,759.000đ,129696,https://tiki.vn/cua-hang/tuoi-tho-ben-con,Tuổi Thơ Bên Con,55617018
33341573,https://tiki.vn/noi-may-cho-be-nam-vong-tang-01-chieu-lot-noi-p33341573.html?spid=33341574,Nôi mây cho bé nằm võng - Tặng 01 chiếu lót nôi,189.000đ,66767,https://tiki.vn/cua-hang/mebena,mebena,33341574
1949437,https://tiki.vn/ghe-rung-tre-em-joie-dreamer-petite-city-p1949437.html?spid=26329763,Ghế Rung Trẻ Em Joie Dreamer Petite City,1.780.000đ,13666,https://tiki.vn/cua-hang/gau-bi-ngo,Gấu và Bí Ngô,26329763
2204677,https://tiki.vn/noi-vong-dien-sbaby-nv14-p2204677.html?spid=2204679,Nôi võng điện Sbaby NV14,1.550.000đ,2757,https://tiki.vn/cua-hang/anokia,ANOKIA,2204679
26150970,https://tiki.vn/ghe-rung-tre-em-co-phat-nhac-thanh-treo-do-choi-p26150970.html?spid=31715814,Ghế rung trẻ em có phát nhạc thanh treo đồ chơi,489.000đ,20371,https://tiki.vn/cua-hang/clever-shop,Smart Future,31715814
36676201,https://tiki.vn/noi-go-cho-be-p36676201.html?spid=36676202,Nôi gỗ cho bé,719.000đ,71818,https://tiki.vn/cua-hang/hona-smart,HONA Smart,36676202
51923862,https://tiki.vn/noi-nhun-cho-be-co-banh-xe-kem-mung-che-tang-01-luc-lac-go-phat-tieng-vui-nhon-cho-be-p51923862.html?spid=51923866,Nôi nhún cho bé có bánh xe kèm mùng che ( Tặng 01 lục lạc gỗ phát tiếng vui nhộn cho bé ),515.000đ,66767,https://tiki.vn/cua-hang/mebena,mebena,51923866
46110223,https://tiki.vn/combo-noi-tre-tam-lot-cho-be-p46110223.html?spid=52146141,COMBO NÔI TRE TẤM LÓT CHO BÉ,265.000đ,113715,https://tiki.vn/cua-hang/mia-minimart,Mía Minimart,52146141
47258732,https://tiki.vn/noi-tre-cho-be-p47258732.html?spid=55884683,NÔI TRE CHO BÉ,245.000đ,66767,https://tiki.vn/cua-hang/mebena,mebena,55884683
48693994,https://tiki.vn/noi-tre-cho-be-hinh-chu-nhat-p48693994.html?spid=48693995,NÔI TRE CHO  BÉ - HÌNH CHỮ NHẬT,200.000đ,87940,https://tiki.vn/cua-hang/shop-me-va-be-citymum,SHOP MẸ VÀ BÉ CITYMUM,48693995
36786214,https://tiki.vn/ghe-rung-da-nang-fisher-price-mau-xanh-p36786214.html?spid=37130107,Ghế rung đa năng Fisher Price màu xanh,479.000đ,20371,https://tiki.vn/cua-hang/clever-shop,Smart Future,37130107
48718392,https://tiki.vn/noi-ngu-chung-giuong-cao-cap-cho-be-co-phat-nhac-p48718392.html?spid=48718393,Nôi ngủ chung giường cao cấp cho bé có phát nhạc,349.000đ,88980,https://tiki.vn/cua-hang/hung-phat-68,Hưng Phát 68,48718393
51703902,https://tiki.vn/ghe-rung-cao-cap-cho-be-p51703902.html?spid=51703904,Ghế rung cao cấp cho bé,2.099.000đ,71823,https://tiki.vn/cua-hang/hona-buy,HONA Buy,51703904
15187455,https://tiki.vn/noi-nhun-kem-vai-mung-trum-noi-cho-be-p15187455.html?spid=52613123,Nôi Nhún Kèm Vải Mùng Trùm Nôi Cho Bé ,750.000đ,66767,https://tiki.vn/cua-hang/mebena,mebena,52613123
49516996,https://tiki.vn/noi-tre-chu-nhat-tam-lot-cho-be-p49516996.html?spid=49517002,NÔI TRE CHỮ NHẬT + TẤM LÓT  CHO BÉ,200.000đ,87940,https://tiki.vn/cua-hang/shop-me-va-be-citymum,SHOP MẸ VÀ BÉ CITYMUM,49517002
43373898,https://tiki.vn/ghe-xich-du-nhum-da-nang-cho-be-vui-choi-mau-trang-yem-do-p43373898.html?spid=43373899,Ghế xích đu nhúm đa năng cho bé vui chơi màu trắng yếm đỏ,699.000đ,92919,https://tiki.vn/cua-hang/noi-dien-xich-du-cho-be,Nôi Điện Xích Đu Cho Bé,43373899
1008772,https://tiki.vn/noi-may-tu-dong-cho-be-vinanoi-vnn-m01-p1008772.html?spid=21561109, Nôi Mây Tự Động Cho Bé Vinanoi VNN-M01,1.500.000đ,50795,https://tiki.vn/cua-hang/shop-con-ngoan,SHOP CON NGOAN,21561109
31957382,https://tiki.vn/noi-dua-tu-dong-autoru-eco-18-aue-ac18-p31957382.html?spid=31957386,NÔI ĐƯA TỰ ĐỘNG AUTORU-Eco 18 - AUE-AC18,1.090.000đ,50795,https://tiki.vn/cua-hang/shop-con-ngoan,SHOP CON NGOAN,31957386
11198083,https://tiki.vn/noi-dien-dua-tu-dong-mastela-tang-thuoc-do-chieu-cao-va-mu-tam-p11198083.html?spid=48327764,Nôi điện đưa tự động Mastela - Tặng Thước Đo Chiều Cao Và Mũ Tắm,1.900.000đ,13666,https://tiki.vn/cua-hang/gau-bi-ngo,Gấu và Bí Ngô,48327764
4482121,https://tiki.vn/noi-rung-kiem-ghe-bap-benh-5-trong-1-mastela-6033-ghi-hong-p4482121.html?spid=25306806,Nôi Rung Kiêm Ghế Bập Bênh 5 Trong 1 Mastela 6033 - Ghi Hồng,1.449.000đ,60368,https://tiki.vn/cua-hang/tilomart,TILOMART,25306806
46114397,https://tiki.vn/combo-noi-tre-nem-cotton-cho-be-p46114397.html?spid=53168334,COMBO NÔI TRE NỆM COTTON CHO BÉ,390.000đ,10400,https://tiki.vn/cua-hang/shop-viet-kids,SHOP VIET KIDS,53168334
14254265,https://tiki.vn/noi-vo-ng-die-n-sbaby-3-in-1-nv14-su-c-dua-tu-3-de-n-80-kg-p14254265.html?spid=36324798,NÔI võng điện Sbaby  3 in 1 - NV14 (sức đưa từ 3 đến 80 kg ),1.500.000đ,50795,https://tiki.vn/cua-hang/shop-con-ngoan,SHOP CON NGOAN,36324798
53290970,https://tiki.vn/tham-trai-san-cho-be-tap-bo-tap-di-nam-choi-cao-cap-p53290970.html?spid=53290976,Thảm Trải Sàn Cho Bé Tập Bò Tập Đi Nằm Chơi Cao Cấp,690.000đ,102612,https://tiki.vn/cua-hang/happy-kids-sg,HAPPY KIDS SG,53290976
41528943,https://tiki.vn/hop-may-noi-go-tu-dong-autoru-v899-p41528943.html?spid=41528944,Hộp máy nôi gỗ tự động Autoru v899,340.000đ,3997,https://tiki.vn/cua-hang/babymart,Babymart,41528944
45108273,https://tiki.vn/noi-cui-go-giuong-cui-cho-be-s218-p45108273.html?spid=54449157,"NÔI CŨI GỖ, GIƯỜNG CŨI CHO BÉ S218  ",1.749.000đ,71823,https://tiki.vn/cua-hang/hona-buy,HONA Buy,54449157
5218685,https://tiki.vn/xe-day-cho-be-zaracos-nano-rs-p5218685.html?spid=23798889,Xe Đẩy Cho Bé Zaracos Nano RS,3.509.996đ,13666,https://tiki.vn/cua-hang/gau-bi-ngo,Gấu và Bí Ngô,23798889
51712743,https://tiki.vn/noi-dien-cao-cap-cho-be-p51712743.html?spid=51712745,Nôi điện cao cấp cho bé ,1.699.000đ,71823,https://tiki.vn/cua-hang/hona-buy,HONA Buy,51712745
1343611,https://tiki.vn/xich-du-nam-choi-tre-em-mastela-6519-hong-p1343611.html?spid=12514691,Xích Đu Nằm Chơi Trẻ Em Mastela 6519 - Hồng,999.000đ,15437,https://tiki.vn/cua-hang/toys-house,TOYS HOUSE,12514691
13380237,https://tiki.vn/ghe-rung-co-nhac-va-thanh-do-choi-van-dong-mau-hong-p13380237.html?spid=13380238,Ghế rung có nhạc và thanh đồ chơi vận động (Màu hồng),799.000đ,15437,https://tiki.vn/cua-hang/toys-house,TOYS HOUSE,13380238
1339397,https://tiki.vn/noi-ngu-chung-giuong-summer-infant-sm91310-p1339397.html?spid=13563148,Nôi Ngủ Chung Giường Summer Infant SM91310,1.693.000đ,1,https://tiki.vn/cua-hang/tiki-trading,Tiki Trading,13563148
15960691,https://tiki.vn/noi-dua-tu-dong-xich-du-nam-choi-tre-em-mastela-6504-tang-thuoc-do-chieu-cao-va-thi-luc-p15960691.html?spid=25306901,"Nôi Đưa Tự Động, Xích đu nằm chơi trẻ em Mastela 6504 Tặng Thước Đo Chiều Cao Và Thị Lực",1.689.000đ,60368,https://tiki.vn/cua-hang/tilomart,TILOMART,25306901
49049159,https://tiki.vn/noi-go-lac-bap-benh-p49049159.html?spid=49049160,Nôi Gỗ Lắc Bập Bênh - Size 91 x 77 x 64 ( cm ) - Gỗ Tự Nhiên - Không Sơn An Toàn Cho Trẻ,829.700đ,52862,https://tiki.vn/cua-hang/shop-song-khoe,Shop Sống Khoẻ,49049160
4604825,https://tiki.vn/noi-rung-kiem-ghe-bap-benh-5-trong-1-mastela-6033-ghi-xanh-p4604825.html?spid=50713951,Nôi Rung Kiêm Ghế Bập Bênh 5 Trong 1 Mastela 6033 - Ghi Xanh,1.449.000đ,1,https://tiki.vn/cua-hang/tiki-trading,Tiki Trading,50713951
37294997,https://tiki.vn/noi-lac-lu-cho-be-tang-man-mung-p37294997.html?spid=37294998,Nôi lắc lư cho bé TẶNG MÀN (MÙNG),719.000đ,71818,https://tiki.vn/cua-hang/hona-smart,HONA Smart,37294998
1949433,https://tiki.vn/noi-dua-tre-em-joie-sansa-in-the-rain-p1949433.html?spid=1949709,Nôi Đưa Trẻ Em Joie Sansa In The Rain,5.300.000đ,1,https://tiki.vn/cua-hang/tiki-trading,Tiki Trading,1949709
26426529,https://tiki.vn/noi-rung-kiem-ghe-bap-benh-5-trong-1-mastela-6038-p26426529.html?spid=29344090,Nôi rung kiêm ghế bập bênh 5 trong 1 Mastela 6038,1.550.000đ,13666,https://tiki.vn/cua-hang/gau-bi-ngo,Gấu và Bí Ngô,29344090
1008788,https://tiki.vn/noi-vong-tu-dong-cho-be-2-trong-1-vinanoi-nv35x-long-noi-mau-xanh-p1008788.html?spid=23308031,Nôi Võng tự động cho bé 2 trong 1 VINANOI - NV35X lồng nôi màu xanh,1.427.000đ,10870,https://tiki.vn/cua-hang/me-be-soc-nau,Mẹ bé Sóc Nâu,23308031
15993795,https://tiki.vn/noi-vong-dien-sbaby-nv15-su-c-dua-40-kg-p15993795.html?spid=21512478,Nôi võng điện Sbaby NV15 ( sức đưa 40 kg ),1.290.000đ,50795,https://tiki.vn/cua-hang/shop-con-ngoan,SHOP CON NGOAN,21512478
8154231,https://tiki.vn/giuong-soi-tre-lol-baby-bumper-big-star-p8154231.html?spid=8206860,Giường Sợi Tre LOL Baby Bumper Big Star,10.400.000đ,4068,https://tiki.vn/cua-hang/rotho-babydesign-vietnam,TopPapa,8206860
43128875,https://tiki.vn/noi-cho-be-nam-choi-va-ngu-p43128875.html?spid=43128877,Nôi cho bé nằm chơi và ngủ,1.410.000đ,83706,https://tiki.vn/cua-hang/do-dung-tre-em-nhan-duc,Thế Giới Xe Trẻ Em Nhân Đức,43128877
16207143,https://tiki.vn/ghe-rung-dieu-chinh-do-cao-up-down-beaba-p16207143.html?spid=16207149,Ghế rung điều chỉnh độ cao Up & Down Béaba,5.990.000đ,6654,https://tiki.vn/cua-hang/mamanbebe,Mamanbebe,16207149
19348638,https://tiki.vn/noi-go-da-nang-p19348638.html?spid=19410287,Nôi Gỗ Đa Năng,4.900.000đ,50795,https://tiki.vn/cua-hang/shop-con-ngoan,SHOP CON NGOAN,19410287
4323309,https://tiki.vn/ghe-rung-bap-benh-nam-choi-tre-em-2-vi-tri-nga-co-nhac-mastela-6903-hong-hoa-tiet-p4323309.html?spid=12509479,"Ghế Rung, Bập Bênh Nằm Chơi Trẻ Em 2 Vị Trí Ngả Có Nhạc Mastela 6903 - hồng họa tiết",879.000đ,15437,https://tiki.vn/cua-hang/toys-house,TOYS HOUSE,12509479
1008776,https://tiki.vn/noi-em-be-tu-dong-vinanoi-vnn301m-go-thong-cao-cap-vua-lam-noi-vua-lam-vong-mau-canh-gian-p1008776.html?spid=1021096,Nôi Em Bé Tự Động VINANOI-VNN301M Gỗ Thông Cao Cấp Vừa Làm Nôi Vừa Làm Võng Màu Cánh Gián,4.250.000đ,986,https://tiki.vn/cua-hang/oh-my-shop,Oh My Shop,1021096
55900446,https://tiki.vn/bo-noi-dien-thong-minh-da-nang-cao-cap-3-chuc-nang-cho-em-be-giuong-vong-noi-cui-duoc-lam-bang-go-tu-nhien-chat-luong-cao-de-dang-ve-sinh-cuc-ky-an-toan-thoang-mat-dung-cho-be-den-5-tuoi-p55900446.html?spid=55900447,"BỘ NÔI ĐIỆN THÔNG MINH  ĐA NĂNG CAO CẤP 3 CHỨC NĂNG CHO EM BÉ ( GIƯỜNG, VÕNG, NÔI, CŨI) - được làm bằng gỗ tự nhiên chất lượng cao- dễ dàng vệ sinh- cực kỳ an toàn- thoáng mát- dùng cho bé đến 5 tuổi",1.800.000đ,121120,https://tiki.vn/cua-hang/noi-dien-xich-du,NÔI ĐIỆN XÍCH ĐU,55900447
23689300,https://tiki.vn/ghe-rung-cao-cap-joie-dreamer-anh-p23689300.html?spid=23689302,Ghế rung cao cấp Joie Dreamer (Anh) ,1.850.000đ,13666,https://tiki.vn/cua-hang/gau-bi-ngo,Gấu và Bí Ngô,23689302
1008774,https://tiki.vn/noi-em-be-tu-dong-vinanoi-vnn301t-go-thong-cao-cap-vua-lam-noi-vua-lam-vong-mau-trang-p1008774.html?spid=19407556,Nôi Em Bé Tự Động VINANOI-VNN301T Gỗ Thông Cao Cấp Vừa Làm Nôi Vừa Làm Võng Màu Trắng,3.890.000đ,3406,https://tiki.vn/cua-hang/thiet-bi-tien-ich-dan-dung,Thiết bị tiện ích dân dụng,19407556
55720815,https://tiki.vn/combo-xe-nhun-an-bot-bap-benh-kem-man-che-01-bo-chen-chia-ngan-1-nut-bit-o-dien-p55720815.html?spid=55720821,"COMBO Xe nhún ăn bột bập bênh kèm màn che +  01 bộ chén chia ngăn, 1 nút bịt ổ điện ",529.000đ,66767,https://tiki.vn/cua-hang/mebena,mebena,55720821
51709962,https://tiki.vn/ghe-rung-dien-nhieu-chuc-nang-p51709962.html?spid=51709966,Ghế rung điện nhiều chức năng,2.149.000đ,71823,https://tiki.vn/cua-hang/hona-buy,HONA Buy,51709966
4137737,https://tiki.vn/ghe-noi-da-nang-dreamy-combi-xanh-bac-ha-p4137737.html?spid=4296607,Ghế Nôi Đa Năng Dreamy Combi - Xanh Bạc Hà,8.990.000đ,6654,https://tiki.vn/cua-hang/mamanbebe,Mamanbebe,4296607
48070637,https://tiki.vn/ghe-noi-di-dong-chicco-baby-hug-4-in-1-air-stone-p48070637.html?spid=48070638,Ghế nôi di động Chicco Baby Hug 4 in 1 Air Stone,9.490.000đ,6654,https://tiki.vn/cua-hang/mamanbebe,Mamanbebe,48070638
10766642,https://tiki.vn/noi-rung-kiem-ghe-mastela-tang-man-va-thuoc-do-chieu-cao-p10766642.html?spid=29344528,Nôi rung Kiêm Ghế Mastela Tặng Màn và Thước Đo Chiều Cao,1.320.000đ,13666,https://tiki.vn/cua-hang/gau-bi-ngo,Gấu và Bí Ngô,29344528
51137736,https://tiki.vn/noi-ngu-du-lich-kuku-ku6040-p51137736.html?spid=51137738,Nôi Ngủ Du Lịch KuKu KU6040,4.350.000đ,96717,https://tiki.vn/cua-hang/thien-an-toys,PaPa BéBé,51137738
3551405,https://tiki.vn/noi-dong-spring-2-cbsprdm2-ibie-p3551405.html?spid=3684911,Nôi Động Spring 2 CBSPRDM2 IBIE,2.490.000đ,1142,https://tiki.vn/cua-hang/ibie-furniture,IBIE Furniture,3684911
23091565,https://tiki.vn/giuong-cui-tre-em-hinh-con-voi-p23091565.html?spid=23091566,Giường cũi trẻ em hình con voi,2.890.000đ,1664,https://tiki.vn/cua-hang/tinh-dau-ngoc-tuyet,Tinh dầu Ngọc Tuyết,23091566
1343609,https://tiki.vn/xich-du-nam-choi-tre-em-mastela-6558-trang-ghi-p1343609.html?spid=25306767,Xích Đu Nằm Chơi Trẻ Em Mastela 6558 - Trắng Ghi,1.789.000đ,60368,https://tiki.vn/cua-hang/tilomart,TILOMART,25306767
9885934,https://tiki.vn/ghe-noi-da-nang-rishena-mau-xanh-p9885934.html?spid=9885935,Ghế nôi đa năng Rishena màu xanh,12.300.000đ,6654,https://tiki.vn/cua-hang/mamanbebe,Mamanbebe,9885935
8091072,https://tiki.vn/noi-tu-dong-cao-cap-mastela-dieu-khien-tu-xa-co-nhac-sg237-pink-p8091072.html?spid=12509476,"Nôi tự động cao cấp Mastela điều khiển từ xa, có nhạc SG237 (Pink)",2.358.000đ,15437,https://tiki.vn/cua-hang/toys-house,TOYS HOUSE,12509476
3551403,https://tiki.vn/noi-dong-spring-1-cbsprdm1-ibie-p3551403.html?spid=3684909,Nôi Động Spring 1 CBSPRDM1 IBIE,2.490.000đ,1142,https://tiki.vn/cua-hang/ibie-furniture,IBIE Furniture,3684909
55398131,https://tiki.vn/combo-ghe-rung-noi-nhun-an-bot-bap-benh-kem-mung-muong-an-dam-cho-be-tang-1-mu-cute-p55398131.html?spid=55398133,"COMBO Ghế Rung, Nôi Nhún Ăn Bột Bập Bênh Kèm Mùng + Muỗng Ăn Dặm Cho Bé - Tặng 1 MŨ CUTE",510.000đ,3049,https://tiki.vn/cua-hang/me-mia,mẹ mía,55398133
16434819,https://tiki.vn/noi-dien-dai-vi-2-in-1-cho-be-p16434819.html?spid=56049496,Nôi điện Đại Vĩ 2 In 1 cho bé,769.000đ,129696,https://tiki.vn/cua-hang/tuoi-tho-ben-con,Tuổi Thơ Bên Con,56049496
47327031,https://tiki.vn/noi-nhun-co-mai-che-co-dai-p47327031.html?spid=49227274,Nôi Nhún Có Mái Che Cỡ Đại,550.000đ,50795,https://tiki.vn/cua-hang/shop-con-ngoan,SHOP CON NGOAN,49227274
2253653,https://tiki.vn/noi-ru-ngu-cao-cap-tu-dong-co-nhac-dieu-kien-tu-xa-mastela-sg327-xanh-p2253653.html?spid=7886622,Nôi Ru Ngủ Cao Cấp Tự Động Có Nhạc Điều Kiển Từ Xa Mastela SG327 (Xanh),2.149.000đ,10870,https://tiki.vn/cua-hang/me-be-soc-nau,Mẹ bé Sóc Nâu,7886622
9885943,https://tiki.vn/ghe-noi-da-nang-vui-nhon-joy-combi-p9885943.html?spid=9885944,Ghế nôi đa năng vui nhộn Joy Combi,8.590.000đ,6654,https://tiki.vn/cua-hang/mamanbebe,Mamanbebe,9885944
26439506,https://tiki.vn/xich-du-nam-choi-tre-em-mastela-6504-p26439506.html?spid=26660060,Xích đu nằm chơi trẻ em Mastela 6504,1.299.000đ,15437,https://tiki.vn/cua-hang/toys-house,TOYS HOUSE,26660060
534671,https://tiki.vn/noi-vong-tu-dong-cao-cap-vinanoi-vnn-301-go-thong-new-zealand-mau-tu-nhien-p534671.html?spid=24909961,Nôi Võng Tự Động Cao Cấp VINANOI VNN-301 (Gỗ Thông New Zealand) - Màu Tự Nhiên,3.599.999đ,10870,https://tiki.vn/cua-hang/me-be-soc-nau,Mẹ bé Sóc Nâu,24909961
1343613,https://tiki.vn/xich-du-nam-choi-tre-em-mastela-6579-xanh-p1343613.html?spid=12514694,Xích Đu Nằm Chơi Trẻ Em Mastela 6579 - Xanh,1.399.000đ,15437,https://tiki.vn/cua-hang/toys-house,TOYS HOUSE,12514694
22713480,https://tiki.vn/combo-noi-vong-tu-dong-vinanoi-nv20-khung-thep-suc-dua-20kg-va-diu-em-be-p22713480.html?spid=22713482,Combo Nôi võng tự động Vinanoi NV20 khung thép sức đưa 20kg và Địu em bé,1.250.000đ,986,https://tiki.vn/cua-hang/oh-my-shop,Oh My Shop,22713482
49499795,https://tiki.vn/noi-dua-tre-em-joie-serina-swivel-nature-s-alphabet-p49499795.html?spid=49499796,Nôi Đưa Trẻ Em Joie Serina Swivel Nature's Alphabet,3.219.000đ,1,https://tiki.vn/cua-hang/tiki-trading,Tiki Trading,49499796
36828942,https://tiki.vn/noi-tu-dong-thiet-ke-thong-minh-cho-be-mau-xanh-p36828942.html?spid=36828943,Nôi tự động thiết kế thông minh cho bé màu Xanh,2.390.000đ,85244,https://tiki.vn/cua-hang/gold-kids-mart,Gold Kids Mart,36828943
48291795,https://tiki.vn/noi-dien-noi-dien-tu-dong-lac-lu-co-dieu-khien-tu-xa-phat-nhac-qua-dien-thoai-bang-bluetooth-p48291795.html?spid=54466817,"Nôi điện . nôi điện tự động lắc lư có điều khiển từ xa , Phát Nhạc Qua Điện Thoại Bằng Bluetooth",1.629.371đ,107789,https://tiki.vn/cua-hang/h6-store,H6 Store,54466817
8714203,https://tiki.vn/ghe-noi-da-nang-combi-bedi-kem-man-chup-magic-p8714203.html?spid=8714204,Ghế nôi đa năng Combi BEDi kèm màn chụp Magic,13.490.000đ,6654,https://tiki.vn/cua-hang/mamanbebe,Mamanbebe,8714204
41077283,https://tiki.vn/noi-cui-go-giuong-cui-cho-be-p41077283.html?spid=41077284,"NÔI CŨI GỖ, GIƯỜNG CŨI CHO BÉ ",1.750.000đ,58209,https://tiki.vn/cua-hang/vivagomall,Vivagomall,41077284
20418398,https://tiki.vn/noi-em-be-tu-dong-khung-thep-vinanoi-n25-p20418398.html?spid=20418403,Nôi em bé tự động khung thép VINANOI - N25,1.200.000đ,986,https://tiki.vn/cua-hang/oh-my-shop,Oh My Shop,20418403
8154227,https://tiki.vn/giuong-soi-tre-lol-baby-bumper-rainy-cloud-p8154227.html?spid=8206857,Giường Sợi Tre LOL Baby Bumper Rainy Cloud,8.400.000đ,4068,https://tiki.vn/cua-hang/rotho-babydesign-vietnam,TopPapa,8206857
4331343,https://tiki.vn/noi-ru-ngu-cao-cap-dieu-kien-tu-xa-mastela-sg327-mau-hong-p4331343.html?spid=25306824,Nôi Ru Ngủ Cao Cấp Điều Kiển Từ Xa Mastela SG327 (Màu Hồng),2.588.000đ,60368,https://tiki.vn/cua-hang/tilomart,TILOMART,25306824
21403754,https://tiki.vn/noi-tre-em-p21403754.html?spid=21403755,Nôi trẻ em,2.100.000đ,52422,https://tiki.vn/cua-hang/lan-phuong-shop,Lan Phương Shop,21403755
50885139,https://tiki.vn/noi-dien-cao-cap_chat-luong_an-toan_cham-soc-giac-ngu-cho-be-giao-mau-ngau-nhien-p50885139.html?spid=56049497,Nôi Điện Cao Cấp_Chất Lượng_An Toàn_Chăm Sóc Giấc Ngủ Cho Bé (Giao Mẫu Ngẫu Nhiên),799.000đ,129696,https://tiki.vn/cua-hang/tuoi-tho-ben-con,Tuổi Thơ Bên Con,56049497
8090875,https://tiki.vn/noi-tu-dong-cao-cap-mastela-dieu-khien-tu-xa-co-nhac-sg237-blue-p8090875.html?spid=12509477,"Nôi tự động cao cấp Mastela điều khiển từ xa, có nhạc SG237 (BLUE)",2.289.000đ,15437,https://tiki.vn/cua-hang/toys-house,TOYS HOUSE,12509477
2207881,https://tiki.vn/noi-vong-dien-sbaby-nv15-p2207881.html?spid=2207883,Nôi võng điện Sbaby NV15,1.290.000đ,2757,https://tiki.vn/cua-hang/anokia,ANOKIA,2207883
20417040,https://tiki.vn/noi-vong-tu-dong-cho-be-2-trong-1-vinanoi-nv25-p20417040.html?spid=23308420,Nôi Võng tự động cho bé 2 trong 1 VINANOI - NV25,1.289.000đ,10870,https://tiki.vn/cua-hang/me-be-soc-nau,Mẹ bé Sóc Nâu,23308420
534672,https://tiki.vn/noi-vong-tu-dong-cao-cap-vinanoi-vnn-301m-go-thong-new-zealand-mau-canh-gian-p534672.html?spid=23844775,Nôi Võng Tự Động Cao Cấp VINANOI VNN-301M (Gỗ Thông New Zealand) - Màu Cánh Gián,3.785.000đ,10870,https://tiki.vn/cua-hang/me-be-soc-nau,Mẹ bé Sóc Nâu,23844775
26434809,https://tiki.vn/xich-du-tre-em-nam-choi-mastela-6503-p26434809.html?spid=26659435,Xích đu trẻ em nằm chơi Mastela 6503,1.199.000đ,15437,https://tiki.vn/cua-hang/toys-house,TOYS HOUSE,26659435
4783009,https://tiki.vn/noi-ghe-rung-bap-benh-nhieu-chuc-nang-mastela-p4783009.html?spid=5173421,Nôi Ghế Rung Bập Bênh Nhiều Chức Năng Mastela,1.579.000đ,3906,https://tiki.vn/cua-hang/shop-be-choi,SHOP BÉ CHƠI,5173421
2627019,https://tiki.vn/noi-di-dong-p2627019.html?spid=2645881,Nôi Di Động,3.051.000đ,2549,https://tiki.vn/cua-hang/kidskidsvn,KIDSKIDS,2645881
8154235,https://tiki.vn/giuong-soi-tre-lol-baby-bumper-pink-forest-p8154235.html?spid=8206865,Giường Sợi Tre LOL Baby Bumper Pink Forest,8.400.000đ,4068,https://tiki.vn/cua-hang/rotho-babydesign-vietnam,TopPapa,8206865
2253597,https://tiki.vn/noi-ru-ngu-cao-cap-tu-dong-co-nhac-dieu-kien-tu-xa-mastela-sg327-hong-p2253597.html?spid=7886620,Nôi Ru Ngủ Cao Cấp Tự Động Có Nhạc Điều Kiển Từ Xa Mastela SG327 (Hồng),2.099.000đ,10870,https://tiki.vn/cua-hang/me-be-soc-nau,Mẹ bé Sóc Nâu,7886620
36828843,https://tiki.vn/noi-tu-dong-thiet-ke-thong-minh-cho-be-mau-hong-p36828843.html?spid=36828844,Nôi tự động thiết kế thông minh cho bé màu Hồng,2.390.000đ,85244,https://tiki.vn/cua-hang/gold-kids-mart,Gold Kids Mart,36828844
49499781,https://tiki.vn/noi-dua-tre-em-joie-serina-2in1-flowers-forever-p49499781.html?spid=49499782,Nôi Đưa Trẻ Em Joie Serina 2in1 Flowers Forever,3.879.000đ,1,https://tiki.vn/cua-hang/tiki-trading,Tiki Trading,49499782
21607307,https://tiki.vn/noi-dien-tu-dong-cao-cap-cho-be-vinanoi-n35-p21607307.html?spid=21607311,Nôi điện tự động cao cấp cho bé Vinanoi N35,1.450.000đ,986,https://tiki.vn/cua-hang/oh-my-shop,Oh My Shop,21607311
14319281,https://tiki.vn/noi-autoru-eco-18-p14319281.html?spid=55155217,Nôi Autoru-Eco 18,1.045.000đ,50795,https://tiki.vn/cua-hang/shop-con-ngoan,SHOP CON NGOAN,55155217
31957387,https://tiki.vn/noi-2-tang-3-sao-autoru-auac3s-p31957387.html?spid=31957391,NÔI 2 TẦNG 3 SAO AUTORU AUAC3S,1.890.000đ,50795,https://tiki.vn/cua-hang/shop-con-ngoan,SHOP CON NGOAN,31957391
48757786,https://tiki.vn/combo-noi-tre-nem-cotton-cho-be-p48757786.html?spid=53179085,"COMBO NÔI TRE , NỆM COTTON CHO BÉ ",390.000đ,10400,https://tiki.vn/cua-hang/shop-viet-kids,SHOP VIET KIDS,53179085
17890986,https://tiki.vn/noi-rung-be-tu-dong-co-nhac-va-anh-sang-p17890986.html?spid=17890987,Nôi rung bé tự động có nhạc và ánh sáng,2.799.000đ,1664,https://tiki.vn/cua-hang/tinh-dau-ngoc-tuyet,Tinh dầu Ngọc Tuyết,17890987
21975758,https://tiki.vn/xe-day-3-banh-5-banh-gap-gon-gio-do-banh-xe-phat-sang-bao-hiem-tay-cam-dieu-chinh-p21975758.html?spid=21975763,Xe đẩy 3 bánh/5 bánh gấp gọn + giỏ đồ (bánh xe phát sáng + bảo hiểm + tay cầm điều chỉnh),390.000đ,46005,https://tiki.vn/cua-hang/sieu-thi-gia-dung-cao-cap-24h,Siêu Thị Gia Dụng Cao Cấp 24h,21975763
31957315,https://tiki.vn/noi-go-da-nang-autoru-auwch4-p31957315.html?spid=31957316,NÔI GỖ ĐA NĂNG AUTORU AUWCH4,4.900.000đ,50795,https://tiki.vn/cua-hang/shop-con-ngoan,SHOP CON NGOAN,31957316
1949431,https://tiki.vn/noi-dua-tre-em-joie-serina-2in1-in-the-rain-p1949431.html?spid=1949707,Nôi Đưa Trẻ Em Joie Serina 2in1 In The Rain,4.229.000đ,1,https://tiki.vn/cua-hang/tiki-trading,Tiki Trading,1949707
42345181,https://tiki.vn/ghe-bap-benh-4in1-kiem-xe-day-2-chieu-co-nhac-va-rung-mat-xa-cho-be-tang-mung-va-do-choi-kem-theo-xanh-p42345181.html?spid=42345182,Ghế bập bênh 4in1 kiêm xe đẩy 2 chiều có nhạc và rung mát xa cho bé TẶNG mùng và đồ chơi kèm theo (xanh),1.149.000đ,1664,https://tiki.vn/cua-hang/tinh-dau-ngoc-tuyet,Tinh dầu Ngọc Tuyết,42345182
15972328,https://tiki.vn/noi-dua-tu-dong-xich-du-nam-choi-tre-em-mastela-6503-tang-thuoc-do-chieu-cao-va-thi-luc-p15972328.html?spid=29344017,"Nôi Đưa Tự Động, Xích đu nằm chơi trẻ em Mastela 6503 Tặng Thước Đo Chiều Cao Và Thị Lực",1.569.000đ,13666,https://tiki.vn/cua-hang/gau-bi-ngo,Gấu và Bí Ngô,29344017
8310256,https://tiki.vn/noi-rung-kiem-ghe-bap-benh-5-trong-1-mastela-6037-xanh-pastel-p8310256.html?spid=29341002,Nôi rung kiêm ghế bập bênh 5 trong 1 Mastela 6037 (Xanh Pastel),1.579.000đ,13666,https://tiki.vn/cua-hang/gau-bi-ngo,Gấu và Bí Ngô,29341002
14319290,https://tiki.vn/noi-2-tang-3-sao-autoru-p14319290.html?spid=48037650,Nôi 2 Tầng 3 Sao Autoru,2.060.000đ,3997,https://tiki.vn/cua-hang/babymart,Babymart,48037650
31957438,https://tiki.vn/xe-nhun-an-bot-co-vach-autoru-aubfc04-p31957438.html?spid=31957442,XE NHÚN ĂN BỘT CÓ VÁCH AUTORU AUBFC04,1.150.000đ,50795,https://tiki.vn/cua-hang/shop-con-ngoan,SHOP CON NGOAN,31957442
4625295,https://tiki.vn/noi-mastela-sg327-tang-chan-long-thai-lan-75-100-cm-p4625295.html?spid=25306791,Nôi Mastela SG327 Tặng Chăn Lông Thái Lan 75*100 cm,2.499.000đ,60368,https://tiki.vn/cua-hang/tilomart,TILOMART,25306791
20585451,https://tiki.vn/noi-vong-tu-dong-cho-be-2-trong-1-vinanoi-nv20-p20585451.html?spid=23308724,Nôi Võng tự động cho bé 2 trong 1 VINANOI - NV20,989.000đ,10870,https://tiki.vn/cua-hang/me-be-soc-nau,Mẹ bé Sóc Nâu,23308724
5174009,https://tiki.vn/noi-rung-kiem-ghe-bap-benh-5-trong-1-mastela-6033-xanh-hoa-tiet-p5174009.html?spid=26352620,Nôi Rung Kiêm Ghế Bập Bênh 5 Trong 1 Mastela 6033 - Xanh họa tiết,1.389.000đ,13666,https://tiki.vn/cua-hang/gau-bi-ngo,Gấu và Bí Ngô,26352620
17891015,https://tiki.vn/noi-rung-dua-em-be-ngu-p17891015.html?spid=17891016,Nôi rung đưa em bé ngủ ,2.799.000đ,1664,https://tiki.vn/cua-hang/tinh-dau-ngoc-tuyet,Tinh dầu Ngọc Tuyết,17891016
47334829,https://tiki.vn/noi-nhun-co-dai-tien-loi-cho-be-p47334829.html?spid=49227949,Nôi Nhún Cỡ Đại Tiện Lợi Cho Bé (Giao mẫu ngẫu nhiên),945.000đ,50795,https://tiki.vn/cua-hang/shop-con-ngoan,SHOP CON NGOAN,49227949
52083803,https://tiki.vn/noi-rung-the-he-moi-ket-noi-bluetooth-usb-phat-nhac-tu-chon-p52083803.html?spid=52083805,"Nôi rung thế hệ mới kết nối bluetooth & USB, phát nhạc tự chọn",1.999.000đ,30535,https://tiki.vn/cua-hang/hellobabyshop,Hellobabyshop,52083805
1008778,https://tiki.vn/noi-em-be-tu-dong-vinanoi-vnn301-go-thong-cao-cap-vua-lam-noi-vua-lam-vong-mau-tu-nhien-p1008778.html?spid=24909964,Nôi Em Bé Tự Động VINANOI-VNN301 Gỗ Thông Cao Cấp Vừa Làm Nôi Vừa Làm Võng Màu Tự Nhiên,3.589.000đ,10870,https://tiki.vn/cua-hang/me-be-soc-nau,Mẹ bé Sóc Nâu,24909964
1949427,https://tiki.vn/noi-dua-tre-em-joie-serina-swivel-hip-hop-p1949427.html?spid=1949703,Nôi Đưa Trẻ Em Joie Serina Swivel Hip Hop,3.509.000đ,1,https://tiki.vn/cua-hang/tiki-trading,Tiki Trading,1949703
16200351,https://tiki.vn/noi-may-chong-may-cho-be-p16200351.html?spid=55089259,Nôi mây chõng mây cho bé,699.000đ,49608,https://tiki.vn/cua-hang/sieu-thi-24h-online,Siêu Thị 24H Online,55089259
40192412,https://tiki.vn/noi-tre-em-kich-thuoc-90-50-50-cm-p40192412.html?spid=40192413,Nôi trẻ em kích thước 90*50*50 cm,749.000đ,71823,https://tiki.vn/cua-hang/hona-buy,HONA Buy,40192413
50016888,https://tiki.vn/ghe-rung-cao-cap-cho-be-gap-gon-co-nhac-mastela-6917-mau-hong-p50016888.html?spid=55594430,Ghế rung cao cấp cho bé gập gọn có nhạc Mastela 6917 - Màu hồng,799.000đ,10870,https://tiki.vn/cua-hang/me-be-soc-nau,Mẹ bé Sóc Nâu,55594430
51726843,https://tiki.vn/noi-dua-tu-dong-noi-em-be-ghe-nam-cho-be-cao-cap-p51726843.html?spid=51726845,"Nôi đưa tự động , nôi em bé , ghế nằm cho bé cao cấp",1.699.000đ,71823,https://tiki.vn/cua-hang/hona-buy,HONA Buy,51726845
36390625,https://tiki.vn/noi-cho-be-noi-lac-lu-cho-be-p36390625.html?spid=36572940,"Nôi cho bé , nôi lắc lư cho bé",749.000đ,71823,https://tiki.vn/cua-hang/hona-buy,HONA Buy,36572940
50022938,https://tiki.vn/noi-dua-da-nang-cao-cap-ket-noi-bluetooth-co-dieu-khien-tu-xa-ru-ngu-thu-gian-ket-hop-ghe-ngoi-doc-sach-cho-be-mastela-8105-mau-voi-tai-hong-p50022938.html?spid=50022939,"Nôi đưa đa năng cao cấp kết nối Bluetooth, có điều khiển từ xa ru ngủ thư giãn kết hợp ghế ngồi đọc sách cho bé Mastela 8105 - Mẫu Voi tai Hồng",1.599.000đ,13666,https://tiki.vn/cua-hang/gau-bi-ngo,Gấu và Bí Ngô,50022939
45108286,https://tiki.vn/noi-cui-go-cho-tre-so-sinh-ben-dep-p45108286.html?spid=45108291,Nôi cũi gỗ cho trẻ sơ sinh bền đẹp,900.000đ,97368,https://tiki.vn/cua-hang/shop-me-ben,Shop Mẹ Ben,45108291
13687092,https://tiki.vn/noi-dien-loai-co-dien-2-in-1-p13687092.html?spid=56049492,Nôi điện loại có điện 2 in 1,799.000đ,129696,https://tiki.vn/cua-hang/tuoi-tho-ben-con,Tuổi Thơ Bên Con,56049492
13687096,https://tiki.vn/noi-dien-khanh-ngoc-loai-co-dien-2-in-1-p13687096.html?spid=55617017,Nôi điện Khánh Ngọc loại có điện 2 in 1,799.999đ,129696,https://tiki.vn/cua-hang/tuoi-tho-ben-con,Tuổi Thơ Bên Con,55617017
46608628,https://tiki.vn/hop-may-noi-sat-tu-dong-autoru-kem-adaptor-v894v827-p46608628.html?spid=46608629,Hộp máy nôi sắt tự động Autoru kèm adaptor V894V827,520.000đ,3997,https://tiki.vn/cua-hang/babymart,Babymart,46608629
31957336,https://tiki.vn/noi-dua-tu-dong-autoru-eco-22-aue-ac22-p31957336.html?spid=31957344,NÔI ĐƯA TỰ ĐỘNG AUTORU-Eco 22 - AUE-AC22,1.390.000đ,50795,https://tiki.vn/cua-hang/shop-con-ngoan,SHOP CON NGOAN,31957344
43385740,https://tiki.vn/ghe-xich-du-nhum-da-nang-cho-be-vui-choi-mau-trang-yem-xanh-p43385740.html?spid=55144552,Xích Đu Nhún Nhảy KG101 - Khung Trắng,699.000đ,121120,https://tiki.vn/cua-hang/noi-dien-xich-du,NÔI ĐIỆN XÍCH ĐU,55144552
46115785,https://tiki.vn/combo-noi-va-nem-cotton-cho-be-p46115785.html?spid=46115787,COMBO NÔI VÀ NỆM COTTON CHO BÉ,410.000đ,87940,https://tiki.vn/cua-hang/shop-me-va-be-citymum,SHOP MẸ VÀ BÉ CITYMUM,46115787
52031596,https://tiki.vn/noi-rung-ghe-rung-cao-cap-cho-be-co-nhac-co-do-choi-co-man-co-dieu-khien-tu-xa-co-bluetooth-p52031596.html?spid=52031598,"Nôi rung, ghế rung cao cấp cho bé, có nhạc, có đồ chơi, có màn, có điều khiển từ xa, có bluetooth",2.149.000đ,71818,https://tiki.vn/cua-hang/hona-smart,HONA Smart,52031598
1008780,https://tiki.vn/noi-dien-tu-dong-cho-be-vinanoi-vnn201t-go-thong-mau-trang-p1008780.html?spid=23309638,Nôi điện tự động cho bé VINANOI VNN201T - Gỗ thông màu trắng,2.879.000đ,10870,https://tiki.vn/cua-hang/me-be-soc-nau,Mẹ bé Sóc Nâu,23309638
14256427,https://tiki.vn/noi-dien-sbaby-nd16-su-c-dua-40-kg-p14256427.html?spid=36325037,Nôi điện Sbaby ND16 (sức đưa 40 kg),990.000đ,50795,https://tiki.vn/cua-hang/shop-con-ngoan,SHOP CON NGOAN,36325037
9669557,https://tiki.vn/noi-dua-tu-dong-cho-be-co-nhac-c3-st3882-p9669557.html?spid=9669559,Nôi đưa tự động cho bé có nhạc C3-ST3882,1.758.000đ,6637,https://tiki.vn/cua-hang/boss-baby-shop,Boss Baby Shop,9669559
1008782,https://tiki.vn/noi-dien-tu-dong-cho-be-vinanoi-vnn201-go-thong-mau-tu-nhien-p1008782.html?spid=23309640,Nôi điện tự động cho bé VINANOI VNN201 - Gỗ thông màu tự nhiên,2.949.000đ,10870,https://tiki.vn/cua-hang/me-be-soc-nau,Mẹ bé Sóc Nâu,23309640
49499800,https://tiki.vn/ghe-rung-tre-em-joie-dreamer-starry-night-p49499800.html?spid=49499801,Ghế Rung Trẻ Em Joie Dreamer Starry Night,1.791.000đ,1,https://tiki.vn/cua-hang/tiki-trading,Tiki Trading,49499801
4323405,https://tiki.vn/ghe-rung-bap-benh-nam-choi-tre-em-2-vi-tri-nga-co-nhac-mastela-6904-xanh-hoa-tiet-p4323405.html?spid=26355243,"Ghế Rung, Bập Bênh Nằm Chơi Trẻ Em 2 Vị Trí Ngả Có Nhạc Mastela 6904 - xanh họa tiết",989.000đ,13666,https://tiki.vn/cua-hang/gau-bi-ngo,Gấu và Bí Ngô,26355243
49499648,https://tiki.vn/noi-dua-tre-em-joie-serina-2in1-petite-city-p49499648.html?spid=49499650,Nôi Đưa Trẻ Em Joie Serina 2in1 Petite City,3.879.000đ,1,https://tiki.vn/cua-hang/tiki-trading,Tiki Trading,49499650
53626791,https://tiki.vn/noi-ngu-chung-giuong-cho-be-cao-cap-p53626791.html?spid=53626797,NÔI NGỦ CHUNG GIƯỜNG CHO BÉ CAO CẤP ,800.000đ,113798,https://tiki.vn/cua-hang/mega-mall,Mega mart1,53626797
21259605,https://tiki.vn/noi-tu-dong-vinanoi-n20-khung-thep-son-tinh-dien-suc-dua-20kg-p21259605.html?spid=22239595,Nôi tự động Vinanoi N20 khung thép sơn tĩnh điện sức đưa 20kg,890.000đ,3406,https://tiki.vn/cua-hang/thiet-bi-tien-ich-dan-dung,Thiết bị tiện ích dân dụng,22239595
31957392,https://tiki.vn/vong-noi-tu-dong-cao-cap-4-trong-1-autoru-auch4-27-p31957392.html?spid=31957393,VÕNG - NÔI TỰ ĐỘNG CAO CẤP 4 TRONG 1 AUTORU AUCH4-27,2.199.000đ,50795,https://tiki.vn/cua-hang/shop-con-ngoan,SHOP CON NGOAN,31957393
8503278,https://tiki.vn/noi-rung-tre-em-ingenuity-rung-va-dung-dua-tu-dong-thuong-hieu-my-p8503278.html?spid=8503279,Nôi rung trẻ em Ingenuity rung và đung đưa tự động thương hiệu Mỹ,2.990.001đ,1664,https://tiki.vn/cua-hang/tinh-dau-ngoc-tuyet,Tinh dầu Ngọc Tuyết,8503279
52055377,https://tiki.vn/noi-go-cho-be-tang-kem-den-ngu-dang-yeu-p52055377.html?spid=52055378,Nôi gỗ cho bé tặng kèm đèn ngủ đáng yêu ,799.000đ,71823,https://tiki.vn/cua-hang/hona-buy,HONA Buy,52055378
42343849,https://tiki.vn/ghe-bap-benh-4in1-kiem-xe-day-2-chieu-co-nhac-va-rung-mat-xa-cho-be-tang-mung-va-do-choi-kem-theo-hong-p42343849.html?spid=42343882,Ghế bập bênh 4in1 kiêm xe đẩy 2 chiều có nhạc và rung mát xa cho bé TẶNG mùng và đồ chơi kèm theo (hồng),1.149.000đ,1664,https://tiki.vn/cua-hang/tinh-dau-ngoc-tuyet,Tinh dầu Ngọc Tuyết,42343882
44959366,https://tiki.vn/bo-doi-dien-ac-dc-cho-noi-vong-autoru-v827-p44959366.html?spid=44959367,Bộ đổi điện AC-DC cho nôi - võng Autoru V827,195.000đ,3997,https://tiki.vn/cua-hang/babymart,Babymart,44959367
9670399,https://tiki.vn/giuong-noi-xep-gon-du-lich-cho-be-vai-luoi-thoang-khi-c3-st3940-p9670399.html?spid=9670401,Giường nôi xếp gọn du lịch cho bé vải lưới thoáng khí C3-ST3940,1.899.000đ,6637,https://tiki.vn/cua-hang/boss-baby-shop,Boss Baby Shop,9670401
46110992,https://tiki.vn/combo-noi-tre-chieu-coi-cho-be-p46110992.html?spid=55891168,COMBO NÔI TRE CHIẾU CÓI CHO BÉ,280.000đ,66767,https://tiki.vn/cua-hang/mebena,mebena,55891168
12639078,https://tiki.vn/noi-tu-dong-cao-cap-cho-be-sg239-p12639078.html?spid=12639082,Nôi tự động cao cấp cho bé SG239,1.989.000đ,15437,https://tiki.vn/cua-hang/toys-house,TOYS HOUSE,12639082
2208103,https://tiki.vn/noi-dien-sbaby-nd16-p2208103.html?spid=2208105,Nôi điện Sbaby ND16,1.090.000đ,2757,https://tiki.vn/cua-hang/anokia,ANOKIA,2208105
55389528,https://tiki.vn/combo-noi-may-tre-co-chieu-cho-be-nam-vong-1-goi-cao-su-non-tang-1-bam-mong-tay-p55389528.html?spid=55389529,COMBO Nôi mây tre có chiếu cho bé nằm võng + 1 gối cao su non - TẶNG 1 BẤM MÓNG TAY,220.000đ,66767,https://tiki.vn/cua-hang/mebena,mebena,55389529
26219813,https://tiki.vn/noi-rung-tre-em-ingenuity-rung-va-dung-dua-tu-dong-thuong-hieu-my-xam-p26219813.html?spid=26286872,Nôi rung trẻ em Ingenuity rung và đung đưa tự động thương hiệu Mỹ (xám),2.999.000đ,67735,https://tiki.vn/cua-hang/shop-khanh-phuong,Shop Khánh Phương,26286872
50425196,https://tiki.vn/noi-dien-tu-dong-cao-cap-cho-be-tang-kem-den-ngu-dang-yeu-p50425196.html?spid=50425202,Nôi điện tự động cao cấp cho bé tặng kèm đèn ngủ đáng yêu,1.749.000đ,71823,https://tiki.vn/cua-hang/hona-buy,HONA Buy,50425202
23257257,https://tiki.vn/noi-nhun-cho-be-tang-kem-mung-che-p23257257.html?spid=26145985,Nôi Nhún Cho Bé Tặng Kèm Mùng Che,470.000đ,66767,https://tiki.vn/cua-hang/mebena,mebena,26145985
12492596,https://tiki.vn/noi-dua-tu-dong-noi-em-be-ghe-nam-size-vua-mau-be-p12492596.html?spid=12492597,"Nôi Đưa Tự Động, Nôi Em Bé, Ghế Nằm Size Vừa - Màu Be",999.000đ,3906,https://tiki.vn/cua-hang/shop-be-choi,SHOP BÉ CHƠI,12492597
43389511,https://tiki.vn/vong-tu-dong-bang-go-cho-be-chac-chan-an-toan-p43389511.html?spid=53626507,Nôi Điện Tự Động Size Đại Cho Bé 3 Chức Năng - Giường -Nôi - Võng - Cũi,2.000.000đ,111403,https://tiki.vn/cua-hang/noi-dien-3-chuc-nang,Nôi điện 3 chức năng,53626507
53708878,https://tiki.vn/combo-noi-tre-cho-be-nam-vong-chong-cong-lung-va-nem-lot-boc-noi-cho-tre-so-sinh-tu-0-12-thang-tuoi-co-the-dat-len-vong-xep-p53708878.html?spid=53708914,"Combo Nôi Tre Cho Bé Nằm Võng Chống Cong Lưng Và Nệm Lót Bọc Nôi ( Cho Trẻ Sơ Sinh Từ 0-12 Tháng Tuổi, Có Thể Đặt Lên Võng Xếp)",330.000đ,10400,https://tiki.vn/cua-hang/shop-viet-kids,SHOP VIET KIDS,53708914
19533295,https://tiki.vn/noi-dai-vy-ko-co-dien-giao-mau-ngau-nhien-p19533295.html?spid=56049495,Nôi đại vỹ ko có điện giao màu ngẫu nhiên,680.000đ,129696,https://tiki.vn/cua-hang/tuoi-tho-ben-con,Tuổi Thơ Bên Con,56049495
39334559,https://tiki.vn/hop-may-noi-sat-tu-dong-autoru-v894-p39334559.html?spid=39334560,Hộp máy nôi sắt tự động Autoru v894,340.000đ,3997,https://tiki.vn/cua-hang/babymart,Babymart,39334560
43638344,https://tiki.vn/noi-cui-go-noi-lac-lu-cho-be-tang-kem-dem-va-mung-p43638344.html?spid=46901090,"Nôi cũi gỗ, nôi lắc lư cho bé ( Tặng kèm đệm và mùng)",700.000đ,71818,https://tiki.vn/cua-hang/hona-smart,HONA Smart,46901090
43389345,https://tiki.vn/noi-dien-cho-be-chac-chan-ben-dep-an-toan-p43389345.html?spid=52720919,Nôi Điện Bằng Gỗ 4 Chức Năng: Giường - Nôi - Củi - Võng,1.790.000đ,121120,https://tiki.vn/cua-hang/noi-dien-xich-du,NÔI ĐIỆN XÍCH ĐU,52720919
45597244,https://tiki.vn/noi-dien-tu-dong-cao-cap-cho-be-p45597244.html?spid=55655965,Nôi điện tự động cao cấp cho bé,1.200.000đ,115836,https://tiki.vn/cua-hang/vin-smart,Vin Smart,55655965
12383761,https://tiki.vn/noi-dua-tu-dong-noi-em-be-ghe-nam-co-man-va-goi-chong-gu-size-lon-p12383761.html?spid=12383762,"Nôi Đưa Tự Động, Nôi Em Bé, Ghế Nằm Có Màn Và Gối Chống Gù Size Lớn ",1.284.000đ,3906,https://tiki.vn/cua-hang/shop-be-choi,SHOP BÉ CHƠI,12383762
13687413,https://tiki.vn/noi-dien-dai-vi-cho-be-loai-co-dien-2-in-1-p13687413.html?spid=56049494,Nôi điện Đại Vĩ cho bé loại có điện 2 in 1,769.000đ,129696,https://tiki.vn/cua-hang/tuoi-tho-ben-con,Tuổi Thơ Bên Con,56049494
50016364,https://tiki.vn/ghe-rung-cao-cap-cho-be-gap-gon-co-nhac-mastela-6915-mau-xanh-p50016364.html?spid=50016365,Ghế rung cao cấp cho bé gập gọn có nhạc Mastela 6915 - Màu xanh,715.000đ,13666,https://tiki.vn/cua-hang/gau-bi-ngo,Gấu và Bí Ngô,50016365
20043953,https://tiki.vn/noi-rung-dien-tu-dong-cho-be-phat-nhac-hen-gio-dieu-khien-qua-dien-thoai-p20043953.html?spid=20043954,"Nôi Rung Điện Tự Động Cho Bé - KUB - Model Mới 2019, Màn Hình Cảm Ứng LED, Phát Nhạc Qua Điện Thoại Bằng Bluetooth, Điều Khiển Từ Xa",1.779.000đ,36967,https://tiki.vn/cua-hang/pink-panda,Chubbi Baby,20043954
33485700,https://tiki.vn/noi-may-dan-thoang-mat-giup-chong-cong-lung-cho-be-khi-nam-vong-p33485700.html?spid=33485701,Nôi mây đan thoáng mát giúp chống cong lưng cho bé khi nằm võng,185.000đ,66767,https://tiki.vn/cua-hang/mebena,mebena,33485701
50771000,https://tiki.vn/noi-may-cho-be-nam-vong-kem-chieu-tang-01-luc-lac-go-phat-tieng-vui-nhon-cho-be-p50771000.html?spid=50771001,Nôi mây cho bé nằm võng kèm chiếu ( Tặng 01 lục lạc gỗ phát tiếng vui nhộn cho bé ),189.000đ,66767,https://tiki.vn/cua-hang/mebena,mebena,50771001
26424105,https://tiki.vn/noi-rung-kiem-ghe-bap-benh-5-trong-1-mastela-6037-p26424105.html?spid=26424115,Nôi rung kiêm ghế bập bênh 5 trong 1 Mastela 6037,1.299.000đ,15437,https://tiki.vn/cua-hang/toys-house,TOYS HOUSE,26424115
13687416,https://tiki.vn/noi-dien-dai-vi-cho-be-loai-co-dien-2-in-1-p13687416.html?spid=54057611,Nôi điện Đại Vĩ cho bé loại có điện 2 in 1,779.000đ,9574,https://tiki.vn/cua-hang/babimartcom,Babimart,54057611
24409094,https://tiki.vn/noi-vong-tu-dong-cho-be-2-trong-1-vinanoi-nv35-suc-dua-35kg-p24409094.html?spid=24409096,Nôi võng tự động cho bé 2 trong 1 VINANOI - NV35 sức đưa 35kg,1.550.000đ,986,https://tiki.vn/cua-hang/oh-my-shop,Oh My Shop,24409096
34551510,https://tiki.vn/noi-dua-tre-em-joie-serina-2in1-abstract-arrows-p34551510.html?spid=34551511,Nôi Đưa Trẻ Em Joie Serina 2In1 Abstract Arrows,4.229.000đ,1,https://tiki.vn/cua-hang/tiki-trading,Tiki Trading,34551511
